{
  "rmse_val": 43.17757976313232,
  "mae_val": 33.50228025110388
}