{
  "rmse_val": 41.365935562165596,
  "mae_val": 31.805608369564148
}